{
  "total_files": 0,
  "processed_files": 700,
  "total_chars": 1314472,
  "total_entities": 17080,
  "entity_type_counts": {
    "CARDINAL": 3796,
    "ORG": 3718,
    "PERSON": 4353,
    "DATE": 3223,
    "GPE": 1212,
    "MONEY": 778
  },
  "processing_times": [
    0.4997978210449219,
    0.41643214225769043,
    0.3629636764526367,
    1.1007609367370605,
    0.9716460704803467,
    0.8859043121337891,
    0.779599666595459,
    1.3941779136657715,
    1.5763399600982666,
    1.5186538696289062,
    0.6330568790435791,
    1.1726179122924805,
    1.6266632080078125,
    0.07871103286743164,
    2.195087194442749,
    0.4501500129699707,
    0.564711332321167,
    1.0348682403564453,
    2.5823466777801514,
    2.8019392490386963,
    1.2207329273223877,
    2.981077194213867,
    1.2611174583435059,
    1.0877923965454102,
    1.2422053813934326,
    1.4848337173461914,
    1.3020870685577393,
    0.5506434440612793,
    3.687244176864624,
    3.121319055557251,
    4.363643646240234,
    4.190963983535767,
    1.5839369297027588,
    0.6197597980499268,
    3.4288766384124756,
    1.203416347503662,
    2.197007656097412,
    1.008859395980835,
    4.279120445251465,
    5.398834705352783,
    1.4536659717559814,
    2.747156858444214,
    1.0092029571533203,
    1.518221139907837,
    5.76520037651062,
    0.2078688144683838,
    0.26442813873291016,
    0.36711978912353516,
    7.77962589263916,
    3.45821213722229,
    1.8059678077697754,
    0.18468046188354492,
    1.7425439357757568,
    1.7132015228271484,
    1.2480649948120117,
    1.5493950843811035,
    0.3656888008117676,
    0.80417799949646,
    0.7102344036102295,
    3.3685641288757324,
    0.46305203437805176,
    5.5257275104522705,
    0.7740545272827148,
    0.18691277503967285,
    0.2283766269683838,
    7.661718130111694,
    5.088369607925415,
    1.0864384174346924,
    1.44083833694458,
    0.8619670867919922,
    0.6035840511322021,
    0.35489940643310547,
    1.8984854221343994,
    3.9535841941833496,
    1.4126660823822021,
    1.4264419078826904,
    0.8876001834869385,
    0.5966434478759766,
    6.30546760559082,
    2.5868310928344727,
    0.3591642379760742,
    0.3132331371307373,
    4.86275053024292,
    6.845748662948608,
    13.363677740097046,
    3.4935929775238037,
    0.1569371223449707,
    3.6915433406829834,
    0.6864447593688965,
    5.059927463531494,
    1.1386351585388184,
    0.5210063457489014,
    0.9606945514678955,
    1.9862916469573975,
    3.0442967414855957,
    7.864911317825317,
    3.6290154457092285,
    2.150742530822754,
    4.45909571647644,
    12.01703667640686,
    0.5531866550445557,
    0.539137601852417,
    0.5524246692657471,
    0.6465482711791992,
    1.0687544345855713,
    1.2497830390930176,
    1.0409555435180664,
    1.3349735736846924,
    1.3701798915863037,
    1.542893648147583,
    1.5186352729797363,
    0.5611019134521484,
    0.9840528964996338,
    0.04341697692871094,
    2.1187572479248047,
    0.39194393157958984,
    0.5806941986083984,
    0.9724938869476318,
    1.0592236518859863,
    2.66740083694458,
    2.4932312965393066,
    2.879287004470825,
    1.1141693592071533,
    1.0457098484039307,
    1.271501064300537,
    1.424295425415039,
    3.4658923149108887,
    0.5450503826141357,
    2.9418647289276123,
    3.5264198780059814,
    1.7979321479797363,
    3.5750739574432373,
    1.3164606094360352,
    0.5589444637298584,
    3.2094290256500244,
    0.8368895053863525,
    1.7602813243865967,
    4.51420259475708,
    0.6372666358947754,
    3.8571925163269043,
    1.2167928218841553,
    2.1744115352630615,
    0.886871337890625,
    1.1740775108337402,
    5.062493562698364,
    0.1382889747619629,
    0.31421804428100586,
    6.836487054824829,
    0.33129429817199707,
    2.819166660308838,
    0.7564506530761719,
    1.6340510845184326,
    1.4668595790863037,
    1.3736162185668945,
    0.33005595207214355,
    1.3252978324890137,
    0.41901469230651855,
    1.082258701324463,
    1.1627163887023926,
    3.2049851417541504,
    0.8448903560638428,
    4.867468595504761,
    0.23752164840698242,
    6.630420446395874,
    0.21132302284240723,
    0.25734972953796387,
    4.710577487945557,
    0.806239128112793,
    0.5101656913757324,
    1.6066701412200928,
    0.8733515739440918,
    0.2979545593261719,
    3.4439380168914795,
    1.789363145828247,
    1.0916547775268555,
    1.2260026931762695,
    0.8552045822143555,
    0.6032493114471436,
    5.8525474071502686,
    2.2566511631011963,
    0.2806131839752197,
    0.28952670097351074,
    4.524400234222412,
    12.08446216583252,
    6.375862121582031,
    3.3685035705566406,
    3.2129745483398438,
    0.2624177932739258,
    1.0093367099761963,
    0.8050522804260254,
    5.413089275360107,
    1.717543601989746,
    1.1466782093048096,
    1.2630350589752197,
    1.9630606174468994,
    3.0724916458129883,
    0.37015748023986816,
    1.314882516860962,
    0.5874853134155273,
    0.13480377197265625,
    0.5437211990356445,
    1.1987481117248535,
    0.5944602489471436,
    0.8001203536987305,
    3.3770644664764404,
    3.2028748989105225,
    2.673673152923584,
    1.5380401611328125,
    2.6812918186187744,
    1.8639023303985596,
    1.36484694480896,
    1.379089117050171,
    1.31302809715271,
    11.914645910263062,
    5.9625043869018555,
    0.4060022830963135,
    1.5008680820465088,
    1.2367877960205078,
    3.111999034881592,
    1.5391364097595215,
    8.840470314025879,
    2.5389175415039062,
    1.2903118133544922,
    0.9195084571838379,
    1.5535953044891357,
    1.5666227340698242,
    0.9468905925750732,
    0.9378838539123535,
    0.6937603950500488,
    2.404820203781128,
    0.9557507038116455,
    0.7261102199554443,
    0.9255318641662598,
    0.665276288986206,
    0.8714344501495361,
    0.5738677978515625,
    11.190946578979492,
    0.13345956802368164,
    1.2376174926757812,
    0.12746834754943848,
    0.5816226005554199,
    1.2754833698272705,
    8.914163589477539,
    0.4063088893890381,
    0.25479865074157715,
    6.964740037918091,
    0.4030458927154541,
    0.18855500221252441,
    1.0224852561950684,
    0.9806711673736572,
    3.274733781814575,
    3.0820531845092773,
    0.7843689918518066,
    1.8513715267181396,
    0.3136293888092041,
    14.213235855102539,
    1.0498194694519043,
    0.4189174175262451,
    1.6517846584320068,
    1.590041160583496,
    4.019509315490723,
    1.5516831874847412,
    1.7391843795776367,
    1.4030439853668213,
    0.16358685493469238,
    1.8464686870574951,
    7.520585060119629,
    14.53213882446289,
    0.47126030921936035,
    2.5399081707000732,
    2.3611655235290527,
    5.526037693023682,
    3.0361826419830322,
    0.5597984790802002,
    0.15091800689697266,
    14.001444101333618,
    0.23204493522644043,
    0.4998805522918701,
    1.6131713390350342,
    2.7777132987976074,
    0.5091955661773682,
    0.30260610580444336,
    1.6232640743255615,
    0.5430037975311279,
    1.1709661483764648,
    1.780419111251831,
    1.5346789360046387,
    1.2828168869018555,
    0.6732017993927002,
    0.6334452629089355,
    8.613156795501709,
    1.2041683197021484,
    2.877669095993042,
    0.8369584083557129,
    2.2614548206329346,
    5.85750937461853,
    11.703058242797852,
    5.87028694152832,
    5.825152397155762,
    27.06055450439453,
    0.17010140419006348,
    0.39494967460632324,
    0.3140146732330322,
    0.5177667140960693,
    0.5930929183959961,
    0.8386781215667725,
    0.7415962219238281,
    0.23244357109069824,
    0.11939692497253418,
    0.9422650337219238,
    1.374903678894043,
    1.3834152221679688,
    1.3937344551086426,
    1.431190013885498,
    0.16693472862243652,
    1.668828010559082,
    0.37105679512023926,
    0.8014853000640869,
    0.3503458499908447,
    1.0409677028656006,
    2.014665365219116,
    0.3379390239715576,
    1.6839144229888916,
    0.5159075260162354,
